,Month,Stop_ID,Stop_NM,Gate,Lati,Long
0,201903,RS_ACC1_S-1-0150,서울역(지하),Y,37.55587,126.9721
1,201903,RS_ACC1_S-1-0151,시청,Y,37.56571,126.97712
2,201903,RS_ACC1_S-1-0152,종각,Y,37.57016,126.98292
3,201903,RS_ACC1_S-1-0153,종로3가,Y,37.57042,126.99211
4,201903,RS_ACC1_S-1-0154,종로5가,Y,37.57093,127.00185
5,201903,RS_ACC1_S-1-0155,동대문,Y,37.57171,127.01096
6,201903,RS_ACC1_S-1-0156,신설동,Y,37.57601,127.02446
7,201903,RS_ACC1_S-1-0157,제기동,Y,37.5781,127.03489
8,201903,RS_ACC1_S-1-0158,청량리(서울시립대입구),Y,37.58011,127.04504
9,201903,RS_ACC1_S-1-0159,동묘앞,Y,37.57317,127.01633
10,201903,RS_ACC1_S-1-0201,시청,Y,37.56357,126.9754
11,201903,RS_ACC1_S-1-0202,을지로입구,Y,37.56601,126.98262
12,201903,RS_ACC1_S-1-0203,을지로3가,Y,37.56625,126.99097
13,201903,RS_ACC1_S-1-0204,을지로4가,Y,37.5666,126.99765
14,201903,RS_ACC1_S-1-0205,동대문역사문화공원,Y,37.56561,127.00904
15,201903,RS_ACC1_S-1-0206,신당,Y,37.56564,127.01962
16,201903,RS_ACC1_S-1-0207,상왕십리,Y,37.56435,127.02935
17,201903,RS_ACC1_S-1-0208,왕십리(성동구청),Y,37.5612,127.0377
18,201903,RS_ACC1_S-1-0209,한양대,Y,37.55527,127.04366
19,201903,RS_ACC1_S-1-0210,뚝섬,Y,37.54718,127.04737
20,201903,RS_ACC1_S-1-0211,성수,Y,37.54458,127.05596
21,201903,RS_ACC1_S-1-0212,건대입구,Y,37.54039,127.06919
22,201903,RS_ACC1_S-1-0213,구의(광진구청),Y,37.53708,127.08592
23,201903,RS_ACC1_S-1-0214,강변(동서울터미널),Y,37.5351,127.09468
24,201903,RS_ACC1_S-1-0215,잠실나루,Y,37.52073,127.10379
25,201903,RS_ACC1_S-1-0216,잠실(송파구청),Y,37.51329,127.10016
26,201903,RS_ACC1_S-1-0217,잠실새내,Y,37.51169,127.08616
27,201903,RS_ACC1_S-1-0218,종합운동장,Y,37.51105,127.07367
28,201903,RS_ACC1_S-1-0219,삼성(무역센터),Y,37.50884,127.06316
29,201903,RS_ACC1_S-1-0220,선릉,Y,37.50448,127.04888
30,201903,RS_ACC1_S-1-0221,역삼,Y,37.50062,127.03646
31,201903,RS_ACC1_S-1-0222,강남,Y,37.49792,127.02757
32,201903,RS_ACC1_S-1-0223,교대(법원·검찰청),Y,37.49396,127.01465
33,201903,RS_ACC1_S-1-0224,서초,Y,37.4919,127.00792
34,201903,RS_ACC1_S-1-0225,방배,Y,37.48143,126.9976
35,201903,RS_ACC1_S-1-0226,사당,Y,37.47653,126.98162
36,201903,RS_ACC1_S-1-0227,낙성대,Y,37.47693,126.96369
37,201903,RS_ACC1_S-1-0228,서울대입구(관악구청),Y,37.48125,126.95274
38,201903,RS_ACC1_S-1-0229,봉천,Y,37.48236,126.94189
39,201903,RS_ACC1_S-1-0230,신림,Y,37.4842,126.92972
40,201903,RS_ACC1_S-1-0231,신대방,Y,37.48746,126.91315
41,201903,RS_ACC1_S-1-0232,구로디지털단지,Y,37.48527,126.9014
42,201903,RS_ACC1_S-1-0233,대림,Y,37.49326,126.89496
43,201903,RS_ACC1_S-1-0234,신도림,Y,37.50866,126.89135
44,201903,RS_ACC1_S-1-0235,문래,Y,37.51793,126.89476
45,201903,RS_ACC1_S-1-0236,영등포구청,Y,37.52578,126.89661
46,201903,RS_ACC1_S-1-0237,당산,Y,37.53496,126.90273
47,201903,RS_ACC1_S-1-0238,합정,Y,37.55002,126.91453
48,201903,RS_ACC1_S-1-0239,홍대입구,Y,37.55674,126.92369
49,201903,RS_ACC1_S-1-0240,신촌(지하),Y,37.55513,126.93689
50,201903,RS_ACC1_S-1-0241,이대,Y,37.55673,126.94601
51,201903,RS_ACC1_S-1-0242,아현,Y,37.55735,126.95614
52,201903,RS_ACC1_S-1-0243,충정로(경기대입구),Y,37.55974,126.96447
53,201903,RS_ACC1_S-1-0244,용답,Y,37.5619,127.0509
54,201903,RS_ACC1_S-1-0245,신답,Y,37.57004,127.04648
55,201903,RS_ACC1_S-1-0246,신설동,Y,37.57467,127.02511
56,201903,RS_ACC1_S-1-0247,도림천,Y,37.51429,126.88277
57,201903,RS_ACC1_S-1-0248,양천구청,Y,37.5124,126.86582
58,201903,RS_ACC1_S-1-0249,신정네거리,Y,37.52007,126.85291
59,201903,RS_ACC1_S-1-0250,용두(동대문구청),Y,37.57403,127.03809
60,201903,RS_ACC1_S-1-0309,지축,Y,37.64805,126.91395
61,201903,RS_ACC1_S-1-0310,구파발,Y,37.63676,126.91882
62,201903,RS_ACC1_S-1-0311,연신내,Y,37.61908,126.92117
63,201903,RS_ACC1_S-1-0312,불광,Y,37.61012,126.93018
64,201903,RS_ACC1_S-1-0313,녹번,Y,37.60093,126.93576
65,201903,RS_ACC1_S-1-0314,홍제,Y,37.58907,126.94374
66,201903,RS_ACC1_S-1-0315,무악재,Y,37.5823,126.95029
67,201903,RS_ACC1_S-1-0316,독립문,Y,37.57457,126.95775
68,201903,RS_ACC1_S-1-0317,경복궁(정부서울청사),Y,37.57576,126.97353
69,201903,RS_ACC1_S-1-0318,안국,Y,37.57648,126.98544
70,201903,RS_ACC1_S-1-0319,종로3가,Y,37.57148,126.99185
71,201903,RS_ACC1_S-1-0320,을지로3가,Y,37.56634,126.9926
72,201903,RS_ACC1_S-1-0321,충무로,N,37.56144,126.99406
73,201903,RS_ACC1_S-1-0322,동대입구,Y,37.55905,127.0056
74,201903,RS_ACC1_S-1-0323,약수,Y,37.55432,127.01096
75,201903,RS_ACC1_S-1-0324,금호,Y,37.54803,127.01587
76,201903,RS_ACC1_S-1-0325,옥수,Y,37.54169,127.01728
77,201903,RS_ACC1_S-1-0326,압구정,Y,37.52707,127.02846
78,201903,RS_ACC1_S-1-0327,신사,Y,37.51633,127.02011
79,201903,RS_ACC1_S-1-0328,잠원,Y,37.51276,127.01122
80,201903,RS_ACC1_S-1-0329,고속터미널,Y,37.5049,127.00492
81,201903,RS_ACC1_S-1-0330,교대(법원·검찰청),Y,37.49306,127.01379
82,201903,RS_ACC1_S-1-0331,남부터미널(예술의전당),Y,37.48501,127.01619
83,201903,RS_ACC1_S-1-0332,양재(서초구청),Y,37.4845,127.03411
84,201903,RS_ACC1_S-1-0333,매봉,Y,37.48695,127.04677
85,201903,RS_ACC1_S-1-0334,도곡,Y,37.49091,127.05545
86,201903,RS_ACC1_S-1-0335,대치,Y,37.49461,127.06364
87,201903,RS_ACC1_S-1-0336,학여울,Y,37.49666,127.07059
88,201903,RS_ACC1_S-1-0337,대청,Y,37.49351,127.07953
89,201903,RS_ACC1_S-1-0338,일원,Y,37.48368,127.08439
90,201903,RS_ACC1_S-1-0339,수서,Y,37.4874,127.10199
91,201903,RS_ACC1_S-1-0340,가락시장,Y,37.49229,127.11779
92,201903,RS_ACC1_S-1-0341,경찰병원,Y,37.49592,127.12454
93,201903,RS_ACC1_S-1-0342,오금,Y,37.50215,127.12832
94,201903,RS_ACC1_S-1-0409,당고개,Y,37.67027,127.07907
95,201903,RS_ACC1_S-1-0410,상계,Y,37.66088,127.07357
96,201903,RS_ACC1_S-1-0411,노원,Y,37.65628,127.06323
97,201903,RS_ACC1_S-1-0412,창동,Y,37.65317,127.04762
98,201903,RS_ACC1_S-1-0413,쌍문,Y,37.64863,127.03471
99,201903,RS_ACC1_S-1-0414,수유(강북구청),Y,37.63805,127.02573
100,201903,RS_ACC1_S-1-0415,미아(서울사이버대학),Y,37.62667,127.02598
101,201903,RS_ACC1_S-1-0416,미아사거리,Y,37.61329,127.03005
102,201903,RS_ACC1_S-1-0417,길음,Y,37.60341,127.02505
103,201903,RS_ACC1_S-1-0418,성신여대입구(돈암),Y,37.59262,127.0164
104,201903,RS_ACC1_S-1-0419,한성대입구(삼선교),Y,37.58846,127.00622
105,201903,RS_ACC1_S-1-0420,혜화,Y,37.58234,127.00184
106,201903,RS_ACC1_S-1-0421,동대문,Y,37.57094,127.0093
107,201903,RS_ACC1_S-1-0422,동대문역사문화공원,Y,37.56515,127.00787
108,201903,RS_ACC1_S-1-0423,충무로,Y,37.56124,126.99422
109,201903,RS_ACC1_S-1-0424,명동,Y,37.56099,126.98633
110,201903,RS_ACC1_S-1-0425,회현(남대문시장),Y,37.55851,126.97825
111,201903,RS_ACC1_S-1-0426,서울역,Y,37.55311,126.97265
112,201903,RS_ACC1_S-1-0427,숙대입구(갈월),Y,37.54456,126.97211
113,201903,RS_ACC1_S-1-0428,삼각지,Y,37.53398,126.9725
114,201903,RS_ACC1_S-1-0429,신용산,Y,37.52917,126.96789
115,201903,RS_ACC1_S-1-0430,이촌(국립중앙박물관),Y,37.52231,126.97456
116,201903,RS_ACC1_S-1-0431,동작(현충원),Y,37.50289,126.98034
117,201903,RS_ACC1_S-1-0432,총신대입구(이수),Y,37.48748,126.98223
118,201903,RS_ACC1_S-1-0433,사당,Y,37.47695,126.98165
119,201903,RS_ACC1_S-1-0434,남태령,Y,37.46387,126.98913
120,201903,RS_ACC1_S-1-1001,서울역(지상),N,37.55342,126.9717
121,201903,RS_ACC1_S-1-1002,남영,Y,37.54102,126.9713
122,201903,RS_ACC1_S-1-1003,용산,Y,37.52985,126.96456
123,201903,RS_ACC1_S-1-1004,노량진,Y,37.5141,126.9422
124,201903,RS_ACC1_S-1-1005,대방,Y,37.51334,126.92638
125,201903,RS_ACC1_S-1-1006,영등포,Y,37.5155,126.90763
126,201903,RS_ACC1_S-1-1007,신도림,Y,37.50897,126.89149
127,201903,RS_ACC1_S-1-1008,이촌(국립중앙박물관),Y,37.52233,126.97369
128,201903,RS_ACC1_S-1-1009,서빙고,Y,37.51959,126.98854
129,201903,RS_ACC1_S-1-1010,한남,Y,37.52943,127.00917
130,201903,RS_ACC1_S-1-1011,옥수,N,37.5405,127.01874
131,201903,RS_ACC1_S-1-1012,응봉,Y,37.54995,127.03454
132,201903,RS_ACC1_S-1-1013,왕십리(성동구청),Y,37.5619,127.03834
133,201903,RS_ACC1_S-1-1014,청량리(서울시립대입구),Y,37.58081,127.04837
134,201903,RS_ACC1_S-1-1015,회기,Y,37.58946,127.05758
135,201903,RS_ACC1_S-1-1016,외대앞,Y,37.59607,127.06355
136,201903,RS_ACC1_S-1-1017,신이문,Y,37.60185,127.06733
137,201903,RS_ACC1_S-1-1018,석계,Y,37.615,127.06574
138,201903,RS_ACC1_S-1-1019,광운대,Y,37.62363,127.06184
139,201903,RS_ACC1_S-1-1020,월계(인덕대학),Y,37.63321,127.05883
140,201903,RS_ACC1_S-1-1021,녹천,Y,37.6448,127.05127
141,201903,RS_ACC1_S-1-1022,창동,N,37.65303,127.04779
142,201903,RS_ACC1_S-1-1023,선릉,Y,37.50464,127.04893
143,201903,RS_ACC1_S-1-1024,한티,Y,37.49624,127.05287
144,201903,RS_ACC1_S-1-1025,도곡,Y,37.49105,127.05532
145,201903,RS_ACC1_S-1-1026,구룡,Y,37.48684,127.05886
146,201903,RS_ACC1_S-1-1027,개포동,Y,37.48912,127.06614
147,201903,RS_ACC1_S-1-1028,대모산입구,Y,37.49137,127.07272
148,201903,RS_ACC1_S-1-1030,수서,Y,37.48725,127.10169
149,201903,RS_ACC1_S-1-1031,복정,N,37.47037,127.12668
150,201903,RS_ACC1_S-1-1032,신길,Y,37.51668,126.9185
151,201903,RS_ACC1_S-1-1201,중랑,Y,37.59492,127.07612
152,201903,RS_ACC1_S-1-1202,상봉(시외버스터미널),Y,37.59668,127.08503
153,201903,RS_ACC1_S-1-1203,망우,Y,37.59925,127.09232
154,201903,RS_ACC1_S-1-1204,양원,Y,37.6066,127.10791
155,201903,RS_ACC1_S-1-1205,구리,Y,37.60339,127.14387
156,201903,RS_ACC1_S-1-1206,도농,Y,37.60881,127.16115
157,201903,RS_ACC1_S-1-1207,양정,Y,37.60533,127.19364
158,201903,RS_ACC1_S-1-1208,덕소,Y,37.58678,127.20883
159,201903,RS_ACC1_S-1-1209,도심,Y,37.57962,127.22267
160,201903,RS_ACC1_S-1-1210,팔당,Y,37.54737,127.24394
161,201903,RS_ACC1_S-1-1211,운길산,Y,37.55467,127.31012
162,201903,RS_ACC1_S-1-1212,양수,Y,37.54598,127.3291
163,201903,RS_ACC1_S-1-1213,신원,Y,37.52555,127.37292
164,201903,RS_ACC1_S-1-1214,국수,Y,37.51617,127.39937
165,201903,RS_ACC1_S-1-1215,아신,Y,37.51382,127.44317
166,201903,RS_ACC1_S-1-1216,오빈,Y,37.50606,127.47387
167,201903,RS_ACC1_S-1-1217,양평,Y,37.49283,127.49181
168,201903,RS_ACC1_S-1-1218,원덕,Y,37.46867,127.54708
169,201903,RS_ACC1_S-1-1219,용문,Y,37.48223,127.59465
170,201903,RS_ACC1_S-1-1220,지평,Y,37.476404,127.62968
171,201903,RS_ACC1_S-1-1251,서울역(경의·중앙선),Y,37.5571947141,126.971272391
172,201903,RS_ACC1_S-1-1252,신촌(경의·중앙선),Y,37.55978,126.94232
173,201903,RS_ACC1_S-1-1261,효창공원앞,Y,37.538664,126.962345
174,201903,RS_ACC1_S-1-1262,공덕,Y,37.542589,126.952165
175,201903,RS_ACC1_S-1-1263,서강대,Y,37.551881,126.935711
176,201903,RS_ACC1_S-1-1264,홍대입구,Y,37.557594,126.926757
177,201903,RS_ACC1_S-1-1265,가좌,Y,37.568491,126.915487
178,201903,RS_ACC1_S-1-1266,디지털미디어시티,Y,37.57738,126.90063
179,201903,RS_ACC1_S-1-1267,수색,Y,37.58084,126.89561
180,201903,RS_ACC1_S-1-1268,화전,Y,37.60289,126.86839
181,201903,RS_ACC1_S-1-1269,강매,Y,37.612314,126.843223
182,201903,RS_ACC1_S-1-1270,행신,Y,37.6121,126.83415
183,201903,RS_ACC1_S-1-1271,능곡,Y,37.61881,126.82078
184,201903,RS_ACC1_S-1-1272,곡산,Y,37.64568,126.80176
185,201903,RS_ACC1_S-1-1273,백마,Y,37.65824,126.79446
186,201903,RS_ACC1_S-1-1274,풍산,Y,37.67235,126.78624
187,201903,RS_ACC1_S-1-1275,일산,Y,37.68208,126.76985
188,201903,RS_ACC1_S-1-1276,탄현,Y,37.69402,126.76109
189,201903,RS_ACC1_S-1-1277,야당,Y,37.712327,126.761356
190,201903,RS_ACC1_S-1-1278,운정,Y,37.72583,126.76726
191,201903,RS_ACC1_S-1-1279,금릉,Y,37.75132,126.76535
192,201903,RS_ACC1_S-1-1280,금촌,Y,37.76622,126.77464
193,201903,RS_ACC1_S-1-1282,월롱,Y,37.79619,126.79259
194,201903,RS_ACC1_S-1-1283,파주,Y,37.8153,126.79278
195,201903,RS_ACC1_S-1-1284,문산,Y,37.85462,126.78805
196,201903,RS_ACC1_S-1-1309,상봉(시외버스터미널),N,37.59685,127.0851
197,201903,RS_ACC1_S-1-1310,망우,N,37.59991,127.09154
198,201903,RS_ACC1_S-1-1311,신내,Y,37.612887,127.103218
199,201903,RS_ACC1_S-1-1312,갈매,Y,37.63412,127.11476
200,201903,RS_ACC1_S-1-1313,별내,Y,37.64202,127.12684
201,201903,RS_ACC1_S-1-1314,퇴계원,Y,37.64831,127.14395
202,201903,RS_ACC1_S-1-1315,사릉,Y,37.65108,127.17693
203,201903,RS_ACC1_S-1-1316,금곡,Y,37.63738,127.20785
204,201903,RS_ACC1_S-1-1317,평내호평,Y,37.65323,127.24449
205,201903,RS_ACC1_S-1-1318,천마산,Y,37.658978,127.285379
206,201903,RS_ACC1_S-1-1319,마석,Y,37.65278,127.31177
207,201903,RS_ACC1_S-1-1320,대성리,Y,37.68407,127.37932
208,201903,RS_ACC1_S-1-1321,청평,Y,37.73549,127.42661
209,201903,RS_ACC1_S-1-1322,상천,Y,37.77025,127.45482
210,201903,RS_ACC1_S-1-1323,가평,Y,37.81454,127.51074
211,201903,RS_ACC1_S-1-1324,굴봉산,Y,37.83207,127.5577
212,201903,RS_ACC1_S-1-1325,백양리,Y,37.83078,127.58933
213,201903,RS_ACC1_S-1-1326,강촌,Y,37.80572,127.63415
214,201903,RS_ACC1_S-1-1327,김유정,Y,37.81847,127.71434
215,201903,RS_ACC1_S-1-1328,남춘천,Y,37.86401,127.72379
216,201903,RS_ACC1_S-1-1329,춘천,Y,37.88505,127.71702
217,201903,RS_ACC1_S-1-1401,봉명,Y,36.80122,127.13576
218,201903,RS_ACC1_S-1-1402,쌍용(나사렛대),Y,36.79376,127.1214
219,201903,RS_ACC1_S-1-1403,아산,Y,36.79205,127.10436
220,201903,RS_ACC1_S-1-1405,배방,Y,36.77763,127.05299
221,201903,RS_ACC1_S-1-1407,온양온천,Y,36.78048,127.00325
222,201903,RS_ACC1_S-1-1408,신창(순천향대),Y,36.7695,126.95111
223,201903,RS_ACC1_S-1-1450,선바위,Y,37.45167,127.0023
224,201903,RS_ACC1_S-1-1451,경마공원,Y,37.44389,127.00789
225,201903,RS_ACC1_S-1-1452,대공원(서울랜드),Y,37.43568,127.00652
226,201903,RS_ACC1_S-1-1453,과천,Y,37.43302,126.99657
227,201903,RS_ACC1_S-1-1454,정부과천청사,Y,37.42651,126.98978
228,201903,RS_ACC1_S-1-1455,인덕원,Y,37.40155,126.97672
229,201903,RS_ACC1_S-1-1456,평촌,Y,37.39429,126.96388
230,201903,RS_ACC1_S-1-1457,범계,Y,37.38979,126.95081
231,201903,RS_ACC1_S-1-1501,판교(판교테크노밸리),Y,37.394912,127.111346
232,201903,RS_ACC1_S-1-1502,이매,Y,37.394653,127.127405
233,201903,RS_ACC1_S-1-1503,삼동,Y,37.409522,127.20336
234,201903,RS_ACC1_S-1-1504,경기광주,Y,37.399907,127.25263
235,201903,RS_ACC1_S-1-1505,초월,Y,37.374419,127.299
236,201903,RS_ACC1_S-1-1506,곤지암,Y,37.351315,127.34674
237,201903,RS_ACC1_S-1-1507,신둔도예촌,Y,37.317185,127.40476
238,201903,RS_ACC1_S-1-1508,이천,Y,37.265579,127.44226
239,201903,RS_ACC1_S-1-1509,부발,Y,37.260192,127.490277
240,201903,RS_ACC1_S-1-1510,세종대왕릉,Y,37.295309,127.570938
241,201903,RS_ACC1_S-1-1511,여주,Y,37.28291,127.628461
242,201903,RS_ACC1_S-1-1701,구로,Y,37.50304,126.88197
243,201903,RS_ACC1_S-1-1702,가산디지털단지,Y,37.48159,126.88259
244,201903,RS_ACC1_S-1-1703,금천구청,Y,37.45563,126.89398
245,201903,RS_ACC1_S-1-1704,석수,Y,37.43505,126.9023
246,201903,RS_ACC1_S-1-1705,관악,Y,37.41923,126.90871
247,201903,RS_ACC1_S-1-1706,안양,Y,37.40159,126.92287
248,201903,RS_ACC1_S-1-1707,명학(성결대학교),Y,37.38465,126.93543
249,201903,RS_ACC1_S-1-1708,금정,Y,37.37222,126.94343
250,201903,RS_ACC1_S-1-1709,군포,Y,37.35356,126.94846
251,201903,RS_ACC1_S-1-1710,의왕(한국교통대),Y,37.32085,126.94822
252,201903,RS_ACC1_S-1-1711,성균관대,Y,37.30035,126.97075
253,201903,RS_ACC1_S-1-1712,화서,Y,37.28386,126.98963
254,201903,RS_ACC1_S-1-1713,수원,Y,37.26616,126.99971
255,201903,RS_ACC1_S-1-1714,독산(하안동입구),Y,37.46661,126.88925
256,201903,RS_ACC1_S-1-1715,세류,Y,37.24503,127.01322
257,201903,RS_ACC1_S-1-1716,병점,Y,37.2075,127.03273
258,201903,RS_ACC1_S-1-1717,세마,Y,37.18753,127.04318
259,201903,RS_ACC1_S-1-1718,오산대,Y,37.16895,127.0632
260,201903,RS_ACC1_S-1-1719,오산,Y,37.14589,127.06672
261,201903,RS_ACC1_S-1-1720,진위,Y,37.10945,127.06228
262,201903,RS_ACC1_S-1-1721,송탄,Y,37.0757,127.0543
263,201903,RS_ACC1_S-1-1722,서정리,Y,37.0565,127.05282
264,201903,RS_ACC1_S-1-1723,지제,Y,37.0188,127.07044
265,201903,RS_ACC1_S-1-1724,평택,Y,36.99073,127.08516
266,201903,RS_ACC1_S-1-1725,성환,Y,36.91608,127.12696
267,201903,RS_ACC1_S-1-1726,직산,Y,36.87059,127.1439
268,201903,RS_ACC1_S-1-1727,두정,Y,36.83371,127.14896
269,201903,RS_ACC1_S-1-1728,천안,Y,36.81001,127.14683
270,201903,RS_ACC1_S-1-1729,당정(한세대),Y,37.34429,126.94835
271,201903,RS_ACC1_S-1-1749,서동탄,Y,37.1955,127.05167
272,201903,RS_ACC1_S-1-1750,광명,Y,37.41618,126.88447
273,201903,RS_ACC1_S-1-1751,산본,Y,37.3581,126.93327
274,201903,RS_ACC1_S-1-1752,대야미,Y,37.32847,126.91733
275,201903,RS_ACC1_S-1-1753,반월,Y,37.31221,126.90352
276,201903,RS_ACC1_S-1-1754,상록수,Y,37.3028,126.86649
277,201903,RS_ACC1_S-1-1755,한대앞,Y,37.30969,126.85344
278,201903,RS_ACC1_S-1-1756,중앙,Y,37.31594,126.83857
279,201903,RS_ACC1_S-1-1757,고잔,Y,37.31678,126.82325
280,201903,RS_ACC1_S-1-1758,초지,Y,37.32065,126.80591
281,201903,RS_ACC1_S-1-1759,안산,Y,37.32708,126.78853
282,201903,RS_ACC1_S-1-1760,신길온천,Y,37.33821,126.76584
283,201903,RS_ACC1_S-1-1761,정왕(한국산업기술대),Y,37.35174,126.74299
284,201903,RS_ACC1_S-1-1762,오이도,Y,37.36236,126.73871
285,201903,RS_ACC1_S-1-1763,수리산,Y,37.3498,126.92537
286,201903,RS_ACC1_S-1-1801,개봉,Y,37.49459,126.85868
287,201903,RS_ACC1_S-1-1802,오류동,Y,37.49453,126.84537
288,201903,RS_ACC1_S-1-1803,역곡(가톨릭대앞),Y,37.48518,126.8115
289,201903,RS_ACC1_S-1-1804,부천(부천대학교),Y,37.48405,126.78269
290,201903,RS_ACC1_S-1-1805,송내,Y,37.4876,126.75366
291,201903,RS_ACC1_S-1-1806,부평,Y,37.48946,126.72448
292,201903,RS_ACC1_S-1-1807,백운,Y,37.48366,126.7077
293,201903,RS_ACC1_S-1-1808,동암,Y,37.47141,126.7029
294,201903,RS_ACC1_S-1-1809,주안,Y,37.46509,126.6794
295,201903,RS_ACC1_S-1-1810,제물포(인천대학교제물포캠퍼스),Y,37.46677,126.65667
296,201903,RS_ACC1_S-1-1811,동인천,Y,37.47528,126.6328
297,201903,RS_ACC1_S-1-1812,인천,Y,37.4762,126.61683
298,201903,RS_ACC1_S-1-1813,구일(동양미래대학),Y,37.49676,126.87079
299,201903,RS_ACC1_S-1-1814,소사(서울신대),Y,37.48275,126.79544
300,201903,RS_ACC1_S-1-1815,부개,Y,37.48842,126.74109
301,201903,RS_ACC1_S-1-1816,간석,Y,37.46474,126.69418
302,201903,RS_ACC1_S-1-1817,도원,Y,37.46845,126.64271
303,201903,RS_ACC1_S-1-1821,온수(성공회대입구),Y,37.49236,126.82382
304,201903,RS_ACC1_S-1-1822,중동,Y,37.48656,126.76484
305,201903,RS_ACC1_S-1-1823,도화,Y,37.46607,126.66867
306,201903,RS_ACC1_S-1-1846,수원,Y,37.266228,127.000203
307,201903,RS_ACC1_S-1-1847,서울숲,Y,37.543617,127.044707
308,201903,RS_ACC1_S-1-1848,압구정로데오,Y,37.527381,127.040534
309,201903,RS_ACC1_S-1-1849,강남구청,Y,37.516661,127.04146
310,201903,RS_ACC1_S-1-1850,선정릉,Y,37.510742,127.043657
311,201903,RS_ACC1_S-1-1851,가천대,Y,37.44861,127.1267
312,201903,RS_ACC1_S-1-1852,태평,Y,37.44002,127.12771
313,201903,RS_ACC1_S-1-1853,모란,Y,37.43209,127.12912
314,201903,RS_ACC1_S-1-1854,야탑,Y,37.41119,127.12872
315,201903,RS_ACC1_S-1-1855,서현,Y,37.38513,127.12359
316,201903,RS_ACC1_S-1-1856,수내,Y,37.37846,127.11432
317,201903,RS_ACC1_S-1-1857,정자,Y,37.36601,127.10808
318,201903,RS_ACC1_S-1-1858,미금,Y,37.35008,127.10891
319,201903,RS_ACC1_S-1-1859,오리,Y,37.33982,127.10894
320,201903,RS_ACC1_S-1-1860,이매,Y,37.39556,127.12821
321,201903,RS_ACC1_S-1-1861,보정,Y,37.31275,127.1082
322,201903,RS_ACC1_S-1-1862,죽전,Y,37.32475,127.1074
323,201903,RS_ACC1_S-1-1863,구성,Y,37.298969,127.105664
324,201903,RS_ACC1_S-1-1864,신갈,Y,37.286102,127.111313
325,201903,RS_ACC1_S-1-1865,기흥,Y,37.275068,127.115922
326,201903,RS_ACC1_S-1-1866,상갈,Y,37.26181,127.108847
327,201903,RS_ACC1_S-1-1867,청명,Y,37.259489,127.078934
328,201903,RS_ACC1_S-1-1868,영통,Y,37.251568,127.071394
329,201903,RS_ACC1_S-1-1869,망포,Y,37.245795,127.057353
330,201903,RS_ACC1_S-1-1870,매탄권선,Y,37.252759,127.040566
331,201903,RS_ACC1_S-1-1871,수원시청,Y,37.261911,127.030736
332,201903,RS_ACC1_S-1-1872,매교,Y,37.265481,127.015678
333,201903,RS_ACC1_S-1-1878,달월,Y,37.379681,126.745177
334,201903,RS_ACC1_S-1-1879,월곶,Y,37.391769,126.742699
335,201903,RS_ACC1_S-1-1880,소래포구,Y,37.40095,126.733522
336,201903,RS_ACC1_S-1-1881,인천논현,Y,37.400614,126.722478
337,201903,RS_ACC1_S-1-1882,호구포,Y,37.401637,126.708627
338,201903,RS_ACC1_S-1-1883,남동인더스파크,Y,37.407722,126.695216
339,201903,RS_ACC1_S-1-1884,원인재,Y,37.413105,126.686551
340,201903,RS_ACC1_S-1-1885,연수,Y,37.417804,126.67894
341,201903,RS_ACC1_S-1-1886,송도,Y,37.428514,126.657772
342,201903,RS_ACC1_S-1-1888,인하대,Y,37.448493,126.649619
343,201903,RS_ACC1_S-1-1889,숭의,Y,37.460789,126.638297
344,201903,RS_ACC1_S-1-1890,신포,Y,37.46874,126.623853
345,201903,RS_ACC1_S-1-1891,인천,Y,37.476603,126.617454
346,201903,RS_ACC1_S-1-1901,방학,Y,37.6675,127.04427
347,201903,RS_ACC1_S-1-1902,도봉,Y,37.67956,127.0456
348,201903,RS_ACC1_S-1-1903,도봉산,Y,37.68956,127.04605
349,201903,RS_ACC1_S-1-1904,망월사,Y,37.70991,127.04746
350,201903,RS_ACC1_S-1-1905,회룡,Y,37.72438,127.04737
351,201903,RS_ACC1_S-1-1906,의정부,Y,37.73842,127.04596
352,201903,RS_ACC1_S-1-1907,가능,Y,37.74858,127.04421
353,201903,RS_ACC1_S-1-1908,녹양,Y,37.75938,127.04229
354,201903,RS_ACC1_S-1-1909,양주,Y,37.77438,127.04471
355,201903,RS_ACC1_S-1-1910,덕계,Y,37.81849,127.05649
356,201903,RS_ACC1_S-1-1911,덕정,Y,37.84319,127.06128
357,201903,RS_ACC1_S-1-1912,지행,Y,37.89233,127.05572
358,201903,RS_ACC1_S-1-1913,동두천중앙,Y,37.90189,127.05648
359,201903,RS_ACC1_S-1-1914,보산,Y,37.9137,127.05728
360,201903,RS_ACC1_S-1-1915,동두천,Y,37.92788,127.05479
361,201903,RS_ACC1_S-1-1916,소요산,Y,37.9481,127.06103
362,201903,RS_ACC1_S-1-1948,원흥,Y,37.650658,126.872642
363,201903,RS_ACC1_S-1-1950,삼송,Y,37.65308,126.89556
364,201903,RS_ACC1_S-1-1951,원당,Y,37.65332,126.84304
365,201903,RS_ACC1_S-1-1952,화정,Y,37.63459,126.83265
366,201903,RS_ACC1_S-1-1953,대곡,Y,37.63163,126.81103
367,201903,RS_ACC1_S-1-1954,백석,Y,37.64311,126.78787
368,201903,RS_ACC1_S-1-1955,마두,Y,37.65221,126.77762
369,201903,RS_ACC1_S-1-1956,정발산,Y,37.65948,126.77336
370,201903,RS_ACC1_S-1-1957,주엽,Y,37.67007,126.76133
371,201903,RS_ACC1_S-1-1958,대화(킨텍스),Y,37.67609,126.74757
372,201903,RS_ACC1_S-1-2511,방화,Y,37.57745,126.81274
373,201903,RS_ACC1_S-1-2512,개화산,Y,37.5724,126.80617
374,201903,RS_ACC1_S-1-2513,김포공항,Y,37.56209,126.80127
375,201903,RS_ACC1_S-1-2514,송정,Y,37.56118,126.81197
376,201903,RS_ACC1_S-1-2515,마곡,Y,37.56018,126.82545
377,201903,RS_ACC1_S-1-2516,발산,Y,37.5586,126.83767
378,201903,RS_ACC1_S-1-2517,우장산,Y,37.54877,126.83632
379,201903,RS_ACC1_S-1-2518,화곡,Y,37.54151,126.84046
380,201903,RS_ACC1_S-1-2519,까치산,Y,37.53177,126.84668
381,201903,RS_ACC1_S-1-2520,신정(은행정),Y,37.525,126.85619
382,201903,RS_ACC1_S-1-2521,목동,Y,37.52607,126.86493
383,201903,RS_ACC1_S-1-2522,오목교(목동운동장앞),Y,37.5245,126.87518
384,201903,RS_ACC1_S-1-2523,양평,Y,37.52565,126.88578
385,201903,RS_ACC1_S-1-2524,영등포구청,Y,37.52419,126.89505
386,201903,RS_ACC1_S-1-2525,영등포시장,Y,37.52267,126.90514
387,201903,RS_ACC1_S-1-2526,신길,Y,37.51763,126.91493
388,201903,RS_ACC1_S-1-2527,여의도,Y,37.52173,126.9243
389,201903,RS_ACC1_S-1-2528,여의나루,Y,37.5271,126.9329
390,201903,RS_ACC1_S-1-2529,마포,Y,37.53957,126.94593
391,201903,RS_ACC1_S-1-2530,공덕,Y,37.54469,126.95157
392,201903,RS_ACC1_S-1-2531,애오개,Y,37.55374,126.95682
393,201903,RS_ACC1_S-1-2532,충정로(경기대입구),Y,37.56043,126.963
394,201903,RS_ACC1_S-1-2533,서대문,Y,37.56577,126.96664
395,201903,RS_ACC1_S-1-2534,광화문(세종문화회관),Y,37.57103,126.97667
396,201903,RS_ACC1_S-1-2535,종로3가,Y,37.57255,126.99049
397,201903,RS_ACC1_S-1-2536,을지로4가,Y,37.56723,126.99807
398,201903,RS_ACC1_S-1-2537,동대문역사문화공원,Y,37.56468,127.00535
399,201903,RS_ACC1_S-1-2538,청구,Y,37.56019,127.01391
400,201903,RS_ACC1_S-1-2539,신금호,Y,37.55455,127.02033
401,201903,RS_ACC1_S-1-2540,행당,Y,37.55732,127.02948
402,201903,RS_ACC1_S-1-2541,왕십리(성동구청),Y,37.56198,127.03734
403,201903,RS_ACC1_S-1-2542,마장,Y,37.5661,127.04297
404,201903,RS_ACC1_S-1-2543,답십리,Y,37.56675,127.0527
405,201903,RS_ACC1_S-1-2544,장한평,Y,37.56144,127.06462
406,201903,RS_ACC1_S-1-2545,군자(능동),Y,37.55712,127.07953
407,201903,RS_ACC1_S-1-2546,아차산(어린이대공원후문),Y,37.55169,127.08976
408,201903,RS_ACC1_S-1-2547,광나루(장신대),Y,37.5453,127.10357
409,201903,RS_ACC1_S-1-2548,천호(풍납토성),Y,37.53846,127.1239
410,201903,RS_ACC1_S-1-2549,강동,Y,37.5358,127.13248
411,201903,RS_ACC1_S-1-2550,길동,Y,37.5378,127.14
412,201903,RS_ACC1_S-1-2551,굽은다리(강동구민회관앞),Y,37.54548,127.14285
413,201903,RS_ACC1_S-1-2552,명일,Y,37.55137,127.144
414,201903,RS_ACC1_S-1-2553,고덕,Y,37.555,127.15415
415,201903,RS_ACC1_S-1-2554,상일동,Y,37.55671,127.16642
416,201903,RS_ACC1_S-1-2555,둔촌동,Y,37.52779,127.13625
417,201903,RS_ACC1_S-1-2556,올림픽공원(한국체대),Y,37.51608,127.13085
418,201903,RS_ACC1_S-1-2557,방이,Y,37.50886,127.12613
419,201903,RS_ACC1_S-1-2558,오금,Y,37.50214,127.12786
420,201903,RS_ACC1_S-1-2559,개롱,Y,37.49808,127.13482
421,201903,RS_ACC1_S-1-2560,거여,Y,37.49311,127.14415
422,201903,RS_ACC1_S-1-2561,마천,Y,37.49499,127.15278
423,201903,RS_ACC1_S-1-2611,응암,Y,37.59861,126.91558
424,201903,RS_ACC1_S-1-2612,역촌,Y,37.60602,126.92274
425,201903,RS_ACC1_S-1-2613,불광,Y,37.61088,126.92941
426,201903,RS_ACC1_S-1-2614,독바위,Y,37.61846,126.93303
427,201903,RS_ACC1_S-1-2615,연신내,N,37.61858,126.92049
428,201903,RS_ACC1_S-1-2616,구산,Y,37.61138,126.91727
429,201903,RS_ACC1_S-1-2617,새절(신사),Y,37.59115,126.91363
430,201903,RS_ACC1_S-1-2618,증산(명지대앞),Y,37.58388,126.90965
431,201903,RS_ACC1_S-1-2619,디지털미디어시티,Y,37.57605,126.90136
432,201903,RS_ACC1_S-1-2620,월드컵경기장(성산),Y,37.56953,126.8993
433,201903,RS_ACC1_S-1-2621,마포구청,Y,37.56352,126.90334
434,201903,RS_ACC1_S-1-2622,망원,Y,37.55609,126.91005
435,201903,RS_ACC1_S-1-2623,합정,Y,37.54905,126.91351
436,201903,RS_ACC1_S-1-2624,상수,Y,37.54772,126.92285
437,201903,RS_ACC1_S-1-2625,광흥창(서강),Y,37.54746,126.93199
438,201903,RS_ACC1_S-1-2626,대흥(서강대앞),Y,37.54777,126.94207
439,201903,RS_ACC1_S-1-2627,공덕,Y,37.54358,126.9517
440,201903,RS_ACC1_S-1-2628,효창공원앞,Y,37.53924,126.96137
441,201903,RS_ACC1_S-1-2629,삼각지,Y,37.53555,126.97406
442,201903,RS_ACC1_S-1-2630,녹사평(용산구청),Y,37.53468,126.9867
443,201903,RS_ACC1_S-1-2631,이태원,Y,37.53449,126.9943
444,201903,RS_ACC1_S-1-2632,한강진,Y,37.53963,127.00173
445,201903,RS_ACC1_S-1-2633,버티고개,Y,37.54801,127.00706
446,201903,RS_ACC1_S-1-2634,약수,Y,37.5541,127.01024
447,201903,RS_ACC1_S-1-2635,청구,Y,37.56026,127.01381
448,201903,RS_ACC1_S-1-2636,신당,Y,37.56617,127.01616
449,201903,RS_ACC1_S-1-2637,동묘앞,Y,37.57228,127.01565
450,201903,RS_ACC1_S-1-2638,창신,Y,37.57966,127.01524
451,201903,RS_ACC1_S-1-2639,보문,Y,37.58529,127.01938
452,201903,RS_ACC1_S-1-2640,안암(고대병원앞),Y,37.58627,127.02901
453,201903,RS_ACC1_S-1-2641,고려대(종암),Y,37.59051,127.0363
454,201903,RS_ACC1_S-1-2642,월곡(동덕여대),Y,37.60195,127.04152
455,201903,RS_ACC1_S-1-2643,상월곡(한국과학기술연구원),Y,37.60638,127.04849
456,201903,RS_ACC1_S-1-2644,돌곶이,Y,37.61054,127.05643
457,201903,RS_ACC1_S-1-2645,석계,Y,37.61493,127.06591
458,201903,RS_ACC1_S-1-2646,태릉입구,Y,37.61734,127.07473
459,201903,RS_ACC1_S-1-2647,화랑대(서울여대입구),Y,37.62006,127.08469
460,201903,RS_ACC1_S-1-2648,봉화산(서울의료원),Y,37.61728,127.0914
461,201903,RS_ACC1_S-1-2711,장암,Y,37.70011,127.0532
462,201903,RS_ACC1_S-1-2712,도봉산,Y,37.68925,127.04652
463,201903,RS_ACC1_S-1-2713,수락산,Y,37.67785,127.05532
464,201903,RS_ACC1_S-1-2714,마들,Y,37.66494,127.05768
465,201903,RS_ACC1_S-1-2715,노원,Y,37.65467,127.06049
466,201903,RS_ACC1_S-1-2716,중계,Y,37.64458,127.0643
467,201903,RS_ACC1_S-1-2717,하계,Y,37.63635,127.06799
468,201903,RS_ACC1_S-1-2718,공릉(서울과학기술대),Y,37.62574,127.0729
469,201903,RS_ACC1_S-1-2719,태릉입구,Y,37.61834,127.07537
470,201903,RS_ACC1_S-1-2720,먹골,Y,37.61064,127.07773
471,201903,RS_ACC1_S-1-2721,중화,Y,37.60255,127.07926
472,201903,RS_ACC1_S-1-2722,상봉(시외버스터미널),Y,37.5956,127.08575
473,201903,RS_ACC1_S-1-2723,면목,Y,37.58858,127.0875
474,201903,RS_ACC1_S-1-2724,사가정,Y,37.58089,127.08848
475,201903,RS_ACC1_S-1-2725,용마산,Y,37.57365,127.08673
476,201903,RS_ACC1_S-1-2726,중곡,Y,37.56592,127.08432
477,201903,RS_ACC1_S-1-2727,군자(능동),Y,37.55704,127.07944
478,201903,RS_ACC1_S-1-2728,어린이대공원(세종대),Y,37.54801,127.07466
479,201903,RS_ACC1_S-1-2729,건대입구,Y,37.54079,127.07102
480,201903,RS_ACC1_S-1-2730,뚝섬유원지,Y,37.53154,127.0667
481,201903,RS_ACC1_S-1-2731,청담,Y,37.51937,127.05335
482,201903,RS_ACC1_S-1-2732,강남구청,Y,37.51718,127.0413
483,201903,RS_ACC1_S-1-2733,학동,Y,37.51423,127.03166
484,201903,RS_ACC1_S-1-2734,논현,Y,37.51109,127.02142
485,201903,RS_ACC1_S-1-2735,반포,Y,37.50818,127.01173
486,201903,RS_ACC1_S-1-2736,고속터미널,Y,37.50332,127.00497
487,201903,RS_ACC1_S-1-2737,내방,Y,37.48762,126.99351
488,201903,RS_ACC1_S-1-2738,총신대입구(이수),Y,37.48527,126.98179
489,201903,RS_ACC1_S-1-2739,남성,Y,37.4846,126.97125
490,201903,RS_ACC1_S-1-2740,숭실대입구(살피재),Y,37.49603,126.95382
491,201903,RS_ACC1_S-1-2741,상도,Y,37.50283,126.94791
492,201903,RS_ACC1_S-1-2742,장승배기,Y,37.5049,126.93915
493,201903,RS_ACC1_S-1-2743,신대방삼거리,Y,37.4997,126.92828
494,201903,RS_ACC1_S-1-2744,보라매,Y,37.49987,126.92043
495,201903,RS_ACC1_S-1-2745,신풍,Y,37.50008,126.90993
496,201903,RS_ACC1_S-1-2746,대림,Y,37.49279,126.8967
497,201903,RS_ACC1_S-1-2747,남구로,Y,37.48606,126.88725
498,201903,RS_ACC1_S-1-2748,가산디지털단지,Y,37.48034,126.88263
499,201903,RS_ACC1_S-1-2749,철산,Y,37.47605,126.86791
500,201903,RS_ACC1_S-1-2750,광명사거리,Y,37.47925,126.85488
501,201903,RS_ACC1_S-1-2751,천왕,Y,37.48664,126.83871
502,201903,RS_ACC1_S-1-2752,온수(성공회대입구),Y,37.49204,126.82326
503,201903,RS_ACC1_S-1-2753,까치울,Y,37.506207,126.810939
504,201903,RS_ACC1_S-1-2754,부천종합운동장,Y,37.50538,126.797337
505,201903,RS_ACC1_S-1-2755,춘의,Y,37.503663,126.787036
506,201903,RS_ACC1_S-1-2756,신중동,Y,37.503048,126.77596
507,201903,RS_ACC1_S-1-2757,부천시청,Y,37.504631,126.763538
508,201903,RS_ACC1_S-1-2758,상동,Y,37.505781,126.753083
509,201903,RS_ACC1_S-1-2759,삼산체육관,Y,37.506411,126.742153
510,201903,RS_ACC1_S-1-2760,굴포천,Y,37.506997,126.73128
511,201903,RS_ACC1_S-1-2761,부평구청,Y,37.507418,126.721053
512,201903,RS_ACC1_S-1-2811,암사,Y,37.55021,127.12756
513,201903,RS_ACC1_S-1-2812,천호(풍납토성),Y,37.53788,127.12316
514,201903,RS_ACC1_S-1-2813,강동구청,Y,37.53034,127.12051
515,201903,RS_ACC1_S-1-2814,몽촌토성(평화의문),Y,37.51741,127.11236
516,201903,RS_ACC1_S-1-2815,잠실(송파구청),Y,37.51461,127.1042
517,201903,RS_ACC1_S-1-2816,석촌,Y,37.50543,127.10698
518,201903,RS_ACC1_S-1-2817,송파,Y,37.4997,127.11218
519,201903,RS_ACC1_S-1-2818,가락시장,Y,37.49306,127.11824
520,201903,RS_ACC1_S-1-2819,문정,Y,37.48586,127.1225
521,201903,RS_ACC1_S-1-2820,장지,Y,37.4787,127.12619
522,201903,RS_ACC1_S-1-2821,복정,Y,37.47106,127.12673
523,201903,RS_ACC1_S-1-2822,산성,Y,37.45712,127.14991
524,201903,RS_ACC1_S-1-2823,남한산성입구(성남법원·검찰청),Y,37.45154,127.15982
525,201903,RS_ACC1_S-1-2824,단대오거리,Y,37.44521,127.15687
526,201903,RS_ACC1_S-1-2825,신흥,Y,37.44092,127.14756
527,201903,RS_ACC1_S-1-2826,수진,Y,37.43743,127.14072
528,201903,RS_ACC1_S-1-2827,모란,Y,37.43383,127.12975
529,201903,RS_ACC1_S-1-3110,계양,Y,37.57148,126.73609
530,201903,RS_ACC1_S-1-3111,귤현,Y,37.56638,126.74265
531,201903,RS_ACC1_S-1-3112,박촌,Y,37.5537,126.74508
532,201903,RS_ACC1_S-1-3113,임학,Y,37.54506,126.73867
533,201903,RS_ACC1_S-1-3114,계산,Y,37.54324,126.72813
534,201903,RS_ACC1_S-1-3115,경인교대입구,Y,37.53816,126.7226
535,201903,RS_ACC1_S-1-3116,작전,Y,37.53042,126.72253
536,201903,RS_ACC1_S-1-3117,갈산,Y,37.51727,126.72151
537,201903,RS_ACC1_S-1-3118,부평구청,Y,37.50834,126.72052
538,201903,RS_ACC1_S-1-3119,부평시장,Y,37.49838,126.72224
539,201903,RS_ACC1_S-1-3120,부평,Y,37.49047,126.72343
540,201903,RS_ACC1_S-1-3121,동수,Y,37.48531,126.71825
541,201903,RS_ACC1_S-1-3122,부평삼거리,Y,37.47768,126.71021
542,201903,RS_ACC1_S-1-3123,간석오거리,Y,37.46705,126.70794
543,201903,RS_ACC1_S-1-3124,인천시청,Y,37.45751,126.70218
544,201903,RS_ACC1_S-1-3125,예술회관,Y,37.4494,126.70101
545,201903,RS_ACC1_S-1-3126,인천터미널,Y,37.44238,126.69971
546,201903,RS_ACC1_S-1-3127,문학경기장,Y,37.43494,126.69858
547,201903,RS_ACC1_S-1-3128,선학,Y,37.42668,126.69886
548,201903,RS_ACC1_S-1-3129,신연수,Y,37.41804,126.69386
549,201903,RS_ACC1_S-1-3130,원인재,Y,37.41236,126.68786
550,201903,RS_ACC1_S-1-3131,동춘,Y,37.40474,126.68102
551,201903,RS_ACC1_S-1-3132,동막,Y,37.39788,126.67401
552,201903,RS_ACC1_S-1-3133,캠퍼스타운,Y,37.38786,126.66167
553,201903,RS_ACC1_S-1-3134,테크노파크,Y,37.38227,126.65637
554,201903,RS_ACC1_S-1-3135,지식정보단지,Y,37.37838,126.64517
555,201903,RS_ACC1_S-1-3136,인천대입구,Y,37.38601,126.63948
556,201903,RS_ACC1_S-1-3137,센트럴파크,Y,37.39305,126.63473
557,201903,RS_ACC1_S-1-3138,국제업무지구,Y,37.39991,126.63035
558,201903,RS_ACC1_S-1-3201,검단오류(검산산업단지),Y,37.594877,126.627178
559,201903,RS_ACC1_S-1-3202,왕길,Y,37.59518,126.642696
560,201903,RS_ACC1_S-1-3203,검단사거리,Y,37.60185,126.657108
561,201903,RS_ACC1_S-1-3204,마전,Y,37.597566,126.666998
562,201903,RS_ACC1_S-1-3205,완정,Y,37.592928,126.673203
563,201903,RS_ACC1_S-1-3206,독정,Y,37.585212,126.675844
564,201903,RS_ACC1_S-1-3207,검암,Y,37.568727,126.675581
565,201903,RS_ACC1_S-1-3208,검바위,Y,37.561405,126.677566
566,201903,RS_ACC1_S-1-3209,아시아드경기장(공촌사거리),Y,37.5517,126.677122
567,201903,RS_ACC1_S-1-3210,서구청,Y,37.543742,126.676787
568,201903,RS_ACC1_S-1-3211,가정(루원시티),Y,37.524649,126.675539
569,201903,RS_ACC1_S-1-3212,가정중앙시장,Y,37.517054,126.676672
570,201903,RS_ACC1_S-1-3213,석남(거북시장),Y,37.506193,126.676203
571,201903,RS_ACC1_S-1-3214,서부여성회관,Y,37.50031,126.67585
572,201903,RS_ACC1_S-1-3215,인천가좌,Y,37.4897,126.675208
573,201903,RS_ACC1_S-1-3216,가재울,Y,37.484192,126.683673
574,201903,RS_ACC1_S-1-3217,주안국가산단(인천J밸리),Y,37.473703,126.68113
575,201903,RS_ACC1_S-1-3218,주안,Y,37.465144,126.678815
576,201903,RS_ACC1_S-1-3219,시민공원(문화창작지대),Y,37.458335,126.681192
577,201903,RS_ACC1_S-1-3220,석바위시장,Y,37.457611,126.692575
578,201903,RS_ACC1_S-1-3221,인천시청,Y,37.45687,126.701024
579,201903,RS_ACC1_S-1-3222,석천사거리,Y,37.456805,126.709986
580,201903,RS_ACC1_S-1-3223,모래내시장,Y,37.45583,126.719298
581,201903,RS_ACC1_S-1-3224,만수,Y,37.454911,126.732094
582,201903,RS_ACC1_S-1-3225,남동구청,Y,37.448161,126.736939
583,201903,RS_ACC1_S-1-3226,인천대공원,Y,37.448769,126.752618
584,201903,RS_ACC1_S-1-3227,운연(서창),Y,37.440127,126.75997
585,201903,RS_ACC1_S-1-4101,개화,Y,37.57861,126.79815
586,201903,RS_ACC1_S-1-4102,김포공항,Y,37.56191,126.80177
587,201903,RS_ACC1_S-1-4103,공항시장,Y,37.56373,126.81068
588,201903,RS_ACC1_S-1-4104,신방화,Y,37.56753,126.8166
589,201903,RS_ACC1_S-1-4105,마곡나루,Y,37.56734,126.8295
590,201903,RS_ACC1_S-1-4106,양천향교,Y,37.56838,126.84133
591,201903,RS_ACC1_S-1-4107,가양,Y,37.56139,126.85446
592,201903,RS_ACC1_S-1-4108,증미,Y,37.5574,126.86194
593,201903,RS_ACC1_S-1-4109,등촌,Y,37.55063,126.86569
594,201903,RS_ACC1_S-1-4110,염창,Y,37.54694,126.87492
595,201903,RS_ACC1_S-1-4111,신목동,Y,37.54428,126.88308
596,201903,RS_ACC1_S-1-4112,선유도,Y,37.53802,126.89353
597,201903,RS_ACC1_S-1-4113,당산,Y,37.53345,126.90276
598,201903,RS_ACC1_S-1-4114,국회의사당,Y,37.52811,126.91787
599,201903,RS_ACC1_S-1-4115,여의도,Y,37.5216,126.9242
600,201903,RS_ACC1_S-1-4116,샛강,Y,37.51727,126.92842
601,201903,RS_ACC1_S-1-4117,노량진,Y,37.51356,126.94099
602,201903,RS_ACC1_S-1-4118,노들,Y,37.51289,126.95322
603,201903,RS_ACC1_S-1-4119,흑석(중앙대입구),Y,37.50877,126.96371
604,201903,RS_ACC1_S-1-4120,동작(현충원),Y,37.50287,126.97812
605,201903,RS_ACC1_S-1-4121,구반포,Y,37.50136,126.98733
606,201903,RS_ACC1_S-1-4122,신반포,Y,37.50342,126.99593
607,201903,RS_ACC1_S-1-4123,고속터미널,Y,37.50602,127.00439
608,201903,RS_ACC1_S-1-4124,사평,Y,37.50421,127.01526
609,201903,RS_ACC1_S-1-4125,신논현,Y,37.5046,127.02506
610,201903,RS_ACC1_S-1-4126,언주,Y,37.507287,127.033868
611,201903,RS_ACC1_S-1-4127,선정릉,Y,37.510289,127.043966
612,201903,RS_ACC1_S-1-4128,삼성중앙,Y,37.513011,127.053282
613,201903,RS_ACC1_S-1-4129,봉은사,Y,37.514219,127.060245
614,201903,RS_ACC1_S-1-4130,종합운동장,Y,37.511699,127.076879
615,201903,RS_ACC1_S-1-4131,삼전,Y,37.5045508973,127.087364764
616,201903,RS_ACC1_S-1-4132,석촌고분,Y,37.5024642601,127.096509319
617,201903,RS_ACC1_S-1-4133,석촌,Y,37.5049746479,127.10676367
618,201903,RS_ACC1_S-1-4134,송파나루,Y,37.5110167108,127.112662845
619,201903,RS_ACC1_S-1-4135,한성백제,Y,37.5165379924,127.11644917
620,201903,RS_ACC1_S-1-4136,올림픽공원(한국체대),Y,37.5161163233,127.130252931
621,201903,RS_ACC1_S-1-4137,둔촌오륜,Y,37.5194080363,127.13865207
622,201903,RS_ACC1_S-1-4138,중앙보훈병원,Y,37.5284025891,127.148411678
623,201903,RS_ACC1_S-1-4201,서울역,Y,37.55329,126.96973
624,201903,RS_ACC1_S-1-4202,공덕,N,37.54249,126.95209
625,201903,RS_ACC1_S-1-4203,홍대입구,N,37.5575,126.92664
626,201903,RS_ACC1_S-1-4204,디지털미디어시티,Y,37.57734,126.89808
627,201903,RS_ACC1_S-1-4206,마곡나루,Y,37.5656315242,126.827495863
628,201903,RS_ACC1_S-1-4208,계양,Y,37.57174,126.73627
629,201903,RS_ACC1_S-1-4209,검암,Y,37.56909,126.67403
630,201903,RS_ACC1_S-1-4210,청라국제도시,Y,37.555878,126.625327
631,201903,RS_ACC1_S-1-4211,운서,Y,37.4929,126.49379
632,201903,RS_ACC1_S-1-4212,공항화물청사,Y,37.45837,126.47624
633,201903,RS_ACC1_S-1-4213,인천공항1터미널,Y,37.44746,126.45251
634,201903,RS_ACC1_S-1-4215,인천공항2터미널,Y,37.468714,126.433722
635,201903,RS_ACC1_S-1-4217,영종,Y,37.511466,126.5237
636,201903,RS_ACC1_S-1-4307,강남,Y,37.49685,127.02812
637,201903,RS_ACC1_S-1-4308,양재(서초구청),Y,37.48364,127.03487
638,201903,RS_ACC1_S-1-4309,양재시민의숲,Y,37.47002,127.03842
639,201903,RS_ACC1_S-1-4310,청계산입구,Y,37.44721,127.05566
640,201903,RS_ACC1_S-1-4311,판교(판교테크노밸리),Y,37.39493,127.11116
641,201903,RS_ACC1_S-1-4312,정자,Y,37.3674,127.1084
642,201903,RS_ACC1_S-1-4313,미금,N,37.350073589,127.108801215
643,201903,RS_ACC1_S-1-4314,동천,Y,37.337928,127.102976
644,201903,RS_ACC1_S-1-4315,수지구청,Y,37.322702,127.095026
645,201903,RS_ACC1_S-1-4316,성복,Y,37.313335,127.0801
646,201903,RS_ACC1_S-1-4317,상현,Y,37.297664,127.069342
647,201903,RS_ACC1_S-1-4318,광교중앙(아주대),Y,37.288617,127.051478
648,201903,RS_ACC1_S-1-4319,광교(경기대),Y,37.30211,127.044483
649,201903,RS_ACC1_S-1-4501,기흥,Y,37.27546,127.11666
650,201903,RS_ACC1_S-1-4502,강남대,Y,37.270161,127.126033
651,201903,RS_ACC1_S-1-4503,지석,Y,37.269606,127.136515
652,201903,RS_ACC1_S-1-4504,어정,Y,37.274917,127.143714
653,201903,RS_ACC1_S-1-4505,동백,Y,37.269043,127.152716
654,201903,RS_ACC1_S-1-4506,초당,Y,37.260752,127.159443
655,201903,RS_ACC1_S-1-4508,삼가,Y,37.242115,127.168075
656,201903,RS_ACC1_S-1-4509,시청·용인대,Y,37.239151,127.178406
657,201903,RS_ACC1_S-1-4510,명지대,Y,37.237964,127.190294
658,201903,RS_ACC1_S-1-4511,김량장,Y,37.237247,127.198781
659,201903,RS_ACC1_S-1-4512,운동장·송담대,Y,37.237845,127.209198
660,201903,RS_ACC1_S-1-4513,고진,Y,37.24484,127.214251
661,201903,RS_ACC1_S-1-4514,보평,Y,37.258965,127.218457
662,201903,RS_ACC1_S-1-4515,둔전,Y,37.267051,127.21364
663,201903,RS_ACC1_S-1-4517,전대·에버랜드,Y,37.285342,127.219561
664,201903,RS_ACC1_S-1-4601,발곡,Y,37.727048,127.052803
665,201903,RS_ACC1_S-1-4602,회룡,Y,37.724996,127.047052
666,201903,RS_ACC1_S-1-4603,범골,Y,37.728755,127.04353
667,201903,RS_ACC1_S-1-4604,경전철의정부,Y,37.737202,127.043257
668,201903,RS_ACC1_S-1-4605,의정부시청,Y,37.739256,127.034781
669,201903,RS_ACC1_S-1-4606,흥선,Y,37.743302,127.037023
670,201903,RS_ACC1_S-1-4607,의정부중앙,Y,37.743676,127.049565
671,201903,RS_ACC1_S-1-4608,동오,Y,37.745271,127.056947
672,201903,RS_ACC1_S-1-4609,새말,Y,37.748885,127.06362
673,201903,RS_ACC1_S-1-4610,경기도청북부청사,Y,37.75059,127.071495
674,201903,RS_ACC1_S-1-4611,효자,Y,37.754025,127.076902
675,201903,RS_ACC1_S-1-4612,곤제,Y,37.750471,127.083715
676,201903,RS_ACC1_S-1-4613,어룡,Y,37.742802,127.085035
677,201903,RS_ACC1_S-1-4614,송산,Y,37.737279,127.087159
678,201903,RS_ACC1_S-1-4615,탑석,Y,37.733579,127.088704
679,201903,RS_ACC1_S-1-4701,북한산우이(도선사입구),Y,37.6630347074,127.012705611
680,201903,RS_ACC1_S-1-4702,솔밭공원,Y,37.6560272499,127.013281356
681,201903,RS_ACC1_S-1-4703,4·19민주묘지(덕성여대),Y,37.6495338109,127.013775115
682,201903,RS_ACC1_S-1-4704,가오리,Y,37.6415617817,127.016798103
683,201903,RS_ACC1_S-1-4705,화계,Y,37.6341156139,127.017580481
684,201903,RS_ACC1_S-1-4706,삼양,Y,37.6269809198,127.018167777
685,201903,RS_ACC1_S-1-4707,삼양사거리,Y,37.6212830886,127.020554217
686,201903,RS_ACC1_S-1-4708,솔샘,Y,37.6202486268,127.013653585
687,201903,RS_ACC1_S-1-4709,북한산보국문(서경대),Y,37.6120771043,127.008308715
688,201903,RS_ACC1_S-1-4710,정릉(국민대입구),Y,37.6026651081,127.01354607
689,201903,RS_ACC1_S-1-4711,성신여대입구(돈암),N,37.5923944859,127.016531814
690,201903,RS_ACC1_S-1-4712,보문,N,37.5850388211,127.019539739
691,201903,RS_ACC1_S-1-4713,신설동,N,37.576574417,127.023184547
692,201903,RS_ACC1_S-1-4804,소사,Y,37.482907436,126.795060572
693,201903,RS_ACC1_S-1-4805,소새울,Y,37.4685095539,126.797283855
694,201903,RS_ACC1_S-1-4806,시흥대야,Y,37.4500998718,126.792993796
695,201903,RS_ACC1_S-1-4807,신천,Y,37.4392442443,126.786786216
696,201903,RS_ACC1_S-1-4808,신현,Y,37.4095666668,126.787837234
697,201903,RS_ACC1_S-1-4809,시흥시청,Y,37.3815616148,126.805945839
698,201903,RS_ACC1_S-1-4810,시흥능곡,Y,37.3699465338,126.80872134
699,201903,RS_ACC1_S-1-4811,달미,Y,37.348787954,126.809416089
700,201903,RS_ACC1_S-1-4812,선부,Y,37.3344084535,126.809989545
701,201903,RS_ACC1_S-1-4813,초지,Y,37.3197434061,126.807842297
702,201903,RS_ACC1_S-1-4814,원곡,Y,37.3131636226,126.795743363
703,201903,RS_ACC1_S-1-4815,원시,Y,37.3026237617,126.786793532
704,201903,RS_ACC1_S-1-4920,양촌,Y,37.641784389,126.614625948
705,201903,RS_ACC1_S-1-4921,구래,Y,37.6453934062,126.628576043
706,201903,RS_ACC1_S-1-4922,마산,Y,37.6406117195,126.644004369
707,201903,RS_ACC1_S-1-4923,장기,Y,37.6440651938,126.669078623
708,201903,RS_ACC1_S-1-4924,운양,Y,37.6537750031,126.683844451
709,201903,RS_ACC1_S-1-4925,걸포북변,Y,37.6316387718,126.705775722
710,201903,RS_ACC1_S-1-4926,사우(김포시청),Y,37.6203204306,126.719766289
711,201903,RS_ACC1_S-1-4927,풍무,Y,37.6124284017,126.732449238
712,201903,RS_ACC1_S-1-4928,고촌,Y,37.6012134121,126.770325947
713,201903,RS_ACC1_S-1-4929,김포공항,N,37.5623299028,126.801991889
714,201903,RS_ACC1_S-1-5001,인천공항1터미널,N,37.44769,126.452291
715,201903,RS_ACC1_S-1-5002,장기주차장,Y,37.443978,126.455512
716,201903,RS_ACC1_S-1-5003,합동청사,Y,37.440486,126.45858
717,201903,RS_ACC1_S-1-5004,파라다이스시티,Y,37.437243,126.459759
718,201903,RS_ACC1_S-1-5005,워터파크,Y,37.429122,126.434066
719,201903,RS_ACC1_S-1-5006,용유,Y,37.424829,126.423629
720,201903,RS_ACC1_S-2-0095,다대포해수욕장,Y,35.089951,128.973971
721,201903,RS_ACC1_S-2-0096,다대포항역,Y,35.081631,128.977636
722,201903,RS_ACC1_S-2-0097,낫개역,Y,35.074433,128.977041
723,201903,RS_ACC1_S-2-0098,신장림역,Y,35.065265,128.979873
724,201903,RS_ACC1_S-2-0099,장림역,Y,35.057419,128.971279
725,201903,RS_ACC1_S-2-0100,동매역,Y,35.048621,128.965908
726,201903,RS_ACC1_S-2-0101,신평역,Y,35.095179,128.960564
727,201903,RS_ACC1_S-2-0102,하단역,Y,35.10618,128.966803
728,201903,RS_ACC1_S-2-0103,당리역,Y,35.103532,128.973846
729,201903,RS_ACC1_S-2-0104,사하역,Y,35.099847,128.9831
730,201903,RS_ACC1_S-2-0105,괴정역,Y,35.099816,128.992144
731,201903,RS_ACC1_S-2-0106,대티역,Y,35.103126,128.999936
732,201903,RS_ACC1_S-2-0107,서대신역,Y,35.110937,129.012178
733,201903,RS_ACC1_S-2-0108,동대신역,Y,35.110452,129.017684
734,201903,RS_ACC1_S-2-0109,토성역,Y,35.100727,129.019776
735,201903,RS_ACC1_S-2-0110,자갈치역,Y,35.097372,129.02667
736,201903,RS_ACC1_S-2-0111,남포역,Y,35.097953,129.034869
737,201903,RS_ACC1_S-2-0112,중앙역,Y,35.103837,129.036371
738,201903,RS_ACC1_S-2-0113,부산역,Y,35.115224,129.0397
739,201903,RS_ACC1_S-2-0114,초량역,Y,35.121168,129.043039
740,201903,RS_ACC1_S-2-0115,부산진역,Y,35.127787,129.047894
741,201903,RS_ACC1_S-2-0116,좌천역,Y,35.134361,129.054455
742,201903,RS_ACC1_S-2-0117,범일역,Y,35.140952,129.059352
743,201903,RS_ACC1_S-2-0118,범내골역,Y,35.1474,129.059261
744,201903,RS_ACC1_S-2-0119,서면역(1호선),Y,35.158282,129.059556
745,201903,RS_ACC1_S-2-0120,부전역,Y,35.162587,129.062952
746,201903,RS_ACC1_S-2-0121,양정역,Y,35.173122,129.071366
747,201903,RS_ACC1_S-2-0122,시청역,Y,35.179837,129.076642
748,201903,RS_ACC1_S-2-0123,연산역,Y,35.186168,129.081534
749,201903,RS_ACC1_S-2-0124,교대역,Y,35.19605,129.080035
750,201903,RS_ACC1_S-2-0125,동래역,Y,35.205641,129.078506
751,201903,RS_ACC1_S-2-0126,명륜역,Y,35.212551,129.079659
752,201903,RS_ACC1_S-2-0127,온천장역,Y,35.220249,129.086437
753,201903,RS_ACC1_S-2-0128,부산대역,Y,35.229609,129.089358
754,201903,RS_ACC1_S-2-0129,장전역,Y,35.23811,129.088111
755,201903,RS_ACC1_S-2-0130,구서역,Y,35.247407,129.091327
756,201903,RS_ACC1_S-2-0131,두실역,Y,35.256959,129.091386
757,201903,RS_ACC1_S-2-0132,남산역,Y,35.265404,129.092496
758,201903,RS_ACC1_S-2-0133,범어사역,Y,35.273105,129.092679
759,201903,RS_ACC1_S-2-0134,노포역,Y,35.28366,129.094967
760,201903,RS_ACC1_S-2-0201,장산역,Y,35.169914,129.176986
761,201903,RS_ACC1_S-2-0202,중동역,Y,35.1667,129.168604
762,201903,RS_ACC1_S-2-0203,해운대역,Y,35.163672,129.158908
763,201903,RS_ACC1_S-2-0204,동백역,Y,35.161484,129.147897
764,201903,RS_ACC1_S-2-0205,벡스코역(시립미술관),Y,35.168844,129.138933
765,201903,RS_ACC1_S-2-0206,센텀시티역,Y,35.168827,129.131745
766,201903,RS_ACC1_S-2-0207,민락역,Y,35.167228,129.121909
767,201903,RS_ACC1_S-2-0208,수영역,Y,35.165227,129.114713
768,201903,RS_ACC1_S-2-0209,광안역,Y,35.157916,129.113168
769,201903,RS_ACC1_S-2-0210,금련산역,Y,35.149771,129.110961
770,201903,RS_ACC1_S-2-0211,남천역,Y,35.142139,129.107978
771,201903,RS_ACC1_S-2-0212,경성대부경대역,Y,35.137585,129.100548
772,201903,RS_ACC1_S-2-0213,대연역,Y,35.135153,129.092161
773,201903,RS_ACC1_S-2-0214,못골역,Y,35.134731,129.084415
774,201903,RS_ACC1_S-2-0215,지게골역,Y,35.135574,129.074365
775,201903,RS_ACC1_S-2-0216,문현역,Y,35.139151,129.067399
776,201903,RS_ACC1_S-2-0217,국제금융센터부산은행역,Y,35.145817,129.066755
777,201903,RS_ACC1_S-2-0218,전포역,Y,35.153102,129.065374
778,201903,RS_ACC1_S-2-0219,서면역(2호선),Y,35.15774,129.059084
779,201903,RS_ACC1_S-2-0220,부암역,Y,35.157444,129.050185
780,201903,RS_ACC1_S-2-0221,가야역,Y,35.155883,129.042817
781,201903,RS_ACC1_S-2-0222,동의대역,Y,35.153986,129.03275
782,201903,RS_ACC1_S-2-0223,개금역,Y,35.153284,129.020533
783,201903,RS_ACC1_S-2-0224,냉정역,Y,35.151254,129.012255
784,201903,RS_ACC1_S-2-0225,주례역,Y,35.150508,129.003077
785,201903,RS_ACC1_S-2-0226,감전역,Y,35.155528,128.991146
786,201903,RS_ACC1_S-2-0227,사상역,Y,35.162361,128.984621
787,201903,RS_ACC1_S-2-0228,덕포역,Y,35.173754,128.983955
788,201903,RS_ACC1_S-2-0229,모덕역,Y,35.180366,128.985621
789,201903,RS_ACC1_S-2-0230,모라역,Y,35.189663,128.988655
790,201903,RS_ACC1_S-2-0231,구남역,Y,35.196804,128.994928
791,201903,RS_ACC1_S-2-0232,구명역,Y,35.20252,128.999322
792,201903,RS_ACC1_S-2-0233,덕천역(2호선),Y,35.210219,129.005673
793,201903,RS_ACC1_S-2-0234,수정역,Y,35.223356,129.009198
794,201903,RS_ACC1_S-2-0235,화명역,Y,35.236278,129.013918
795,201903,RS_ACC1_S-2-0236,율리역,Y,35.246714,129.012918
796,201903,RS_ACC1_S-2-0237,동원역,Y,35.258656,129.012392
797,201903,RS_ACC1_S-2-0238,금곡역,Y,35.267248,129.01667
798,201903,RS_ACC1_S-2-0239,호포역,Y,35.280406,129.017097
799,201903,RS_ACC1_S-2-0240,증산역,Y,35.308302,129.010246
800,201903,RS_ACC1_S-2-0241,부산대양산캠퍼스역,Y,35.316955,129.0139
801,201903,RS_ACC1_S-2-0242,남양산역,Y,35.325359,129.019457
802,201903,RS_ACC1_S-2-0243,양산역,Y,35.33865,129.026391
803,201903,RS_ACC1_S-2-0301,수영역(3호선),Y,35.167753,129.11459
804,201903,RS_ACC1_S-2-0302,망미역,Y,35.171528,129.108225
805,201903,RS_ACC1_S-2-0303,배산역,Y,35.173504,129.095498
806,201903,RS_ACC1_S-2-0304,물만골역,Y,35.176808,129.085748
807,201903,RS_ACC1_S-2-0305,연산역(3호선),Y,35.186173,129.081526
808,201903,RS_ACC1_S-2-0306,거제역,Y,35.188589,129.073941
809,201903,RS_ACC1_S-2-0307,종합운동장역,Y,35.19125,129.067504
810,201903,RS_ACC1_S-2-0308,사직역,Y,35.198998,129.064996
811,201903,RS_ACC1_S-2-0309,미남역(3호선),Y,35.205503,129.068061
812,201903,RS_ACC1_S-2-0310,만덕역,Y,35.213,129.036527
813,201903,RS_ACC1_S-2-0311,남산정역,Y,35.21334,129.023928
814,201903,RS_ACC1_S-2-0312,숙등역,Y,35.21197,129.012749
815,201903,RS_ACC1_S-2-0313,덕천역(3호선),Y,35.210215,129.005671
816,201903,RS_ACC1_S-2-0314,구포역,Y,35.206697,128.996366
817,201903,RS_ACC1_S-2-0315,강서구청역,Y,35.211247,128.981756
818,201903,RS_ACC1_S-2-0316,체육공원역,Y,35.212577,128.96897
819,201903,RS_ACC1_S-2-0317,대저역,Y,35.213386,128.95996
820,201903,RS_ACC1_S-2-0401,미남역(4호선),Y,35.207116,129.069172
821,201903,RS_ACC1_S-2-0402,동래역(4호선),Y,35.204834,129.077082
822,201903,RS_ACC1_S-2-0403,수안역,Y,35.201828,129.083806
823,201903,RS_ACC1_S-2-0404,낙민역,Y,35.200254,129.090774
824,201903,RS_ACC1_S-2-0405,충렬사역,Y,35.199859,129.097636
825,201903,RS_ACC1_S-2-0406,명장역,Y,35.205143,129.101517
826,201903,RS_ACC1_S-2-0407,서동역,Y,35.213333,129.107683
827,201903,RS_ACC1_S-2-0408,금사역,Y,35.215829,129.115153
828,201903,RS_ACC1_S-2-0409,반여농산물시장역,Y,35.217779,129.124061
829,201903,RS_ACC1_S-2-0410,석대역,Y,35.21822,129.137179
830,201903,RS_ACC1_S-2-0411,영산대역,Y,35.225777,129.146149
831,201903,RS_ACC1_S-2-0412,동부산대학역,Y,35.232506,129.154024
832,201903,RS_ACC1_S-2-0413,고촌역,Y,35.236031,129.16049
833,201903,RS_ACC1_S-2-0414,안평역,Y,35.237363,129.171823
834,201903,RS_ACC1_S-2-4801,사상,Y,35.162337,128.986004
835,201903,RS_ACC1_S-2-4802,괘법르네시떼,Y,35.163286,128.977649
836,201903,RS_ACC1_S-2-4803,서부산유통지구,Y,35.166419,128.95488
837,201903,RS_ACC1_S-2-4804,공항,Y,35.171915,128.948628
838,201903,RS_ACC1_S-2-4805,덕두,Y,35.182019,128.954211
839,201903,RS_ACC1_S-2-4806,등구,Y,35.196166,128.9636
840,201903,RS_ACC1_S-2-4807,대저,Y,35.213048,128.960653
841,201903,RS_ACC1_S-2-4808,평강,Y,35.214044,128.950762
842,201903,RS_ACC1_S-2-4809,대사,Y,35.217684,128.938429
843,201903,RS_ACC1_S-2-4810,불암,Y,35.222182,128.92789
844,201903,RS_ACC1_S-2-4811,지내,Y,35.227494,128.923784
845,201903,RS_ACC1_S-2-4812,김해대학,Y,35.229014,128.915572
846,201903,RS_ACC1_S-2-4813,인제대,Y,35.228105,128.901776
847,201903,RS_ACC1_S-2-4814,김해시청,Y,35.22707,128.890424
848,201903,RS_ACC1_S-2-4815,부원,Y,35.226487,128.883993
849,201903,RS_ACC1_S-2-4816,봉황,Y,35.227263,128.874383
850,201903,RS_ACC1_S-2-4817,수로왕릉,Y,35.232822,128.872203
851,201903,RS_ACC1_S-2-4818,박물관,Y,35.240067,128.871926
852,201903,RS_ACC1_S-2-4819,연지공원,Y,35.249596,128.86929
853,201903,RS_ACC1_S-2-4820,장신대,Y,35.259553,128.867215
854,201903,RS_ACC1_S-2-4821,가야대,Y,35.266793,128.865009
855,201903,RS_ACC1_S-2-8001,부전,Y,35.1640321314,129.059441356
856,201903,RS_ACC1_S-2-8002,거제해맞이,Y,35.1812073651,129.069006858
857,201903,RS_ACC1_S-2-8003,거제,Y,35.1895729503,129.074316839
858,201903,RS_ACC1_S-2-8004,교대,Y,35.1937118178,129.079524575
859,201903,RS_ACC1_S-2-8005,동래,Y,35.1971960333,129.091325026
860,201903,RS_ACC1_S-2-8006,안락,Y,35.196090159,129.100650008
861,201903,RS_ACC1_S-2-8007,재송,Y,35.1880806324,129.120092562
862,201903,RS_ACC1_S-2-8008,센텀,Y,35.1795120869,129.12443588
863,201903,RS_ACC1_S-2-8009,벡스코,Y,35.1712399335,129.136705372
864,201903,RS_ACC1_S-2-8010,신해운대,Y,35.1817313956,129.176849316
865,201903,RS_ACC1_S-2-8011,송정,Y,35.1877667318,129.202085621
866,201903,RS_ACC1_S-2-8012,오시리아,Y,35.1962464508,129.208312849
867,201903,RS_ACC1_S-2-8013,기장,Y,35.2445519347,129.218862393
868,201903,RS_ACC1_S-2-8014,일광,Y,35.2675820956,129.233092877
869,201903,RS_ACC1_S-3-0115,설화명곡,Y,35.798717,128.48936
870,201903,RS_ACC1_S-3-0116,화원,Y,35.804423,128.500636
871,201903,RS_ACC1_S-3-0117,대곡,Y,35.80941,128.51245
872,201903,RS_ACC1_S-3-0118,진천,Y,35.81378,128.52267
873,201903,RS_ACC1_S-3-0119,월배,Y,35.816154,128.5304
874,201903,RS_ACC1_S-3-0120,상인,Y,35.81895,128.53783
875,201903,RS_ACC1_S-3-0121,월촌,Y,35.823744,128.54552
876,201903,RS_ACC1_S-3-0122,송현,Y,35.831074,128.55177
877,201903,RS_ACC1_S-3-0123,성당못,Y,35.837124,128.55716
878,201903,RS_ACC1_S-3-0124,대명,Y,35.839302,128.5654
879,201903,RS_ACC1_S-3-0125,안지랑,Y,35.83922,128.57407
880,201903,RS_ACC1_S-3-0126,현충로,Y,35.840637,128.58092
881,201903,RS_ACC1_S-3-0127,영대병원,Y,35.844376,128.5886
882,201903,RS_ACC1_S-3-0128,교대,Y,35.85072,128.5906
883,201903,RS_ACC1_S-3-0129,명덕,Y,35.85762,128.59103
884,201903,RS_ACC1_S-3-0130,반월당,Y,35.86448,128.59335
885,201903,RS_ACC1_S-3-0131,중앙로,Y,35.87097,128.59404
886,201903,RS_ACC1_S-3-0132,대구,Y,35.87632,128.59705
887,201903,RS_ACC1_S-3-0133,칠성시장,Y,35.87609,128.60509
888,201903,RS_ACC1_S-3-0134,신천,Y,35.874622,128.61761
889,201903,RS_ACC1_S-3-0135,동대구,Y,35.877144,128.62834
890,201903,RS_ACC1_S-3-0136,큰고개,Y,35.884327,128.63219
891,201903,RS_ACC1_S-3-0137,아양교,Y,35.887188,128.63994
892,201903,RS_ACC1_S-3-0138,동촌,Y,35.88604,128.65034
893,201903,RS_ACC1_S-3-0139,해안,Y,35.883575,128.65933
894,201903,RS_ACC1_S-3-0140,방촌,Y,35.879658,128.67001
895,201903,RS_ACC1_S-3-0141,용계,Y,35.876115,128.681989
896,201903,RS_ACC1_S-3-0142,율하,Y,35.869797,128.6927
897,201903,RS_ACC1_S-3-0143,신기,Y,35.866592,128.70247
898,201903,RS_ACC1_S-3-0144,반야월,Y,35.866043,128.71352
899,201903,RS_ACC1_S-3-0145,각산,Y,35.86804,128.72446
900,201903,RS_ACC1_S-3-0146,안심,Y,35.871212,128.73366
901,201903,RS_ACC1_S-3-0216,문양,Y,35.863983,128.43726
902,201903,RS_ACC1_S-3-0217,다사,Y,35.864952,128.45828
903,201903,RS_ACC1_S-3-0218,대실,Y,35.857334,128.46559
904,201903,RS_ACC1_S-3-0219,강창,Y,35.853073,128.47853
905,201903,RS_ACC1_S-3-0220,계명대,Y,35.851486,128.49202
906,201903,RS_ACC1_S-3-0221,성서산업단지,Y,35.85173,128.50706
907,201903,RS_ACC1_S-3-0222,이곡,Y,35.85062,128.5158
908,201903,RS_ACC1_S-3-0223,용산,Y,35.849007,128.52872
909,201903,RS_ACC1_S-3-0224,죽전,Y,35.85071,128.538795
910,201903,RS_ACC1_S-3-0225,감삼,Y,35.854275,128.5481
911,201903,RS_ACC1_S-3-0226,두류,Y,35.85723,128.55562
912,201903,RS_ACC1_S-3-0227,내당,Y,35.86011,128.56464
913,201903,RS_ACC1_S-3-0228,반고개,Y,35.862244,128.57272
914,201903,RS_ACC1_S-3-0229,신남,Y,35.86482,128.58237
915,201903,RS_ACC1_S-3-0230,반월당,Y,35.86545,128.59341
916,201903,RS_ACC1_S-3-0231,경대병원,Y,35.863197,128.6027
917,201903,RS_ACC1_S-3-0232,대구은행,Y,35.85974,128.61412
918,201903,RS_ACC1_S-3-0233,범어,Y,35.85906,128.6262
919,201903,RS_ACC1_S-3-0234,수성구청,Y,35.8588,128.63559
920,201903,RS_ACC1_S-3-0235,만촌,Y,35.85884,128.64491
921,201903,RS_ACC1_S-3-0236,담티,Y,35.854797,128.65396
922,201903,RS_ACC1_S-3-0237,연호,Y,35.846554,128.6717
923,201903,RS_ACC1_S-3-0238,대공원,Y,35.842613,128.67986
924,201903,RS_ACC1_S-3-0239,고산,Y,35.842922,128.69327
925,201903,RS_ACC1_S-3-0240,신매,Y,35.84081,128.70497
926,201903,RS_ACC1_S-3-0241,사월,Y,35.836952,128.71544
927,201903,RS_ACC1_S-3-0242,정평,Y,35.834045,128.72855
928,201903,RS_ACC1_S-3-0243,임당,Y,35.834057,128.74103
929,201903,RS_ACC1_S-3-0244,영남대,Y,35.836346,128.75313
930,201903,RS_ACC1_S-3-0312,칠곡경대병원,Y,35.958275,128.55989
931,201903,RS_ACC1_S-3-0313,학정,Y,35.951557,128.5592
932,201903,RS_ACC1_S-3-0314,팔거,Y,35.944042,128.55833
933,201903,RS_ACC1_S-3-0315,동천,Y,35.937428,128.55653
934,201903,RS_ACC1_S-3-0316,칠곡운암,Y,35.931686,128.55467
935,201903,RS_ACC1_S-3-0317,구암,Y,35.92545,128.55017
936,201903,RS_ACC1_S-3-0318,태전,Y,35.919262,128.5474
937,201903,RS_ACC1_S-3-0319,매천,Y,35.9127,128.54345
938,201903,RS_ACC1_S-3-0320,매천시장,Y,35.903984,128.54561
939,201903,RS_ACC1_S-3-0321,팔달,Y,35.89783,128.54675
940,201903,RS_ACC1_S-3-0322,공단,Y,35.89198,128.5536
941,201903,RS_ACC1_S-3-0323,만평,Y,35.88977,128.56139
942,201903,RS_ACC1_S-3-0324,팔달시장,Y,35.888847,128.56789
943,201903,RS_ACC1_S-3-0325,원대,Y,35.887844,128.57436
944,201903,RS_ACC1_S-3-0326,북구청,Y,35.883823,128.58145
945,201903,RS_ACC1_S-3-0327,달성공원,Y,35.875683,128.58209
946,201903,RS_ACC1_S-3-0328,서문시장,Y,35.86965,128.58224
947,201903,RS_ACC1_S-3-0329,신남,Y,35.864197,128.58238
948,201903,RS_ACC1_S-3-0330,남산,Y,35.856693,128.58345
949,201903,RS_ACC1_S-3-0331,명덕,Y,35.85695,128.59029
950,201903,RS_ACC1_S-3-0332,건들바위,Y,35.85537,128.5996
951,201903,RS_ACC1_S-3-0333,대봉교,Y,35.85499,128.60603
952,201903,RS_ACC1_S-3-0334,수성시장,Y,35.854286,128.61626
953,201903,RS_ACC1_S-3-0335,수성구민운동장,Y,35.852375,128.62521
954,201903,RS_ACC1_S-3-0336,어린이회관,Y,35.845165,128.62447
955,201903,RS_ACC1_S-3-0337,황금,Y,35.839634,128.62413
956,201903,RS_ACC1_S-3-0338,수성못,Y,35.831726,128.62323
957,201903,RS_ACC1_S-3-0339,지산,Y,35.825146,128.63194
958,201903,RS_ACC1_S-3-0340,범물,Y,35.82084,128.6401
959,201903,RS_ACC1_S-3-0341,용지,Y,35.818245,128.6467
960,201903,RS_ACC1_S-4-0100,녹동역,Y,35.107028,126.933932
961,201903,RS_ACC1_S-4-0101,소태역,Y,35.124108,126.932013
962,201903,RS_ACC1_S-4-0102,학동증심사입구역,Y,35.133023,126.928382
963,201903,RS_ACC1_S-4-0103,남광주역,Y,35.1478534,126.921807
964,201903,RS_ACC1_S-4-0104,문화전당역(구도청),Y,35.144698,126.9196731
965,201903,RS_ACC1_S-4-0105,금남로4가역,Y,35.150976,126.914446
966,201903,RS_ACC1_S-4-0106,금남로5가역,Y,35.1537137,126.910933
967,201903,RS_ACC1_S-4-0107,양동시장역,Y,35.154176,126.904489
968,201903,RS_ACC1_S-4-0108,돌고개역,Y,35.152047,126.895637
969,201903,RS_ACC1_S-4-0109,농성역,Y,35.153563,126.883973
970,201903,RS_ACC1_S-4-0110,화정역,Y,35.150381,126.877698
971,201903,RS_ACC1_S-4-0111,쌍촌역,Y,35.151793,126.869519
972,201903,RS_ACC1_S-4-0112,운천역,Y,35.150486,126.858694
973,201903,RS_ACC1_S-4-0113,상무역,Y,35.146784,126.848641
974,201903,RS_ACC1_S-4-0114,김대중컨벤션센터(마륵)역,Y,35.143214,126.841442
975,201903,RS_ACC1_S-4-0115,공항역,Y,35.144179,126.8112104
976,201903,RS_ACC1_S-4-0116,송정공원역,Y,35.143565,126.799245
977,201903,RS_ACC1_S-4-0117,광주송정역,Y,35.137529,126.791488
978,201903,RS_ACC1_S-4-0118,도산역,Y,35.131713,126.787942
979,201903,RS_ACC1_S-4-0119,평동역,Y,35.1245829,126.769586
980,201903,RS_ACC1_S-5-0101,판암,Y,36.316896,127.458264
981,201903,RS_ACC1_S-5-0102,신흥,Y,36.319652,127.448792
982,201903,RS_ACC1_S-5-0103,대동,Y,36.329532,127.442848
983,201903,RS_ACC1_S-5-0104,대전,Y,36.331583,127.433118
984,201903,RS_ACC1_S-5-0105,중앙로,Y,36.328664,127.425842
985,201903,RS_ACC1_S-5-0106,중구청,Y,36.324831,127.419627
986,201903,RS_ACC1_S-5-0107,서대전네거리,Y,36.322416,127.412518
987,201903,RS_ACC1_S-5-0108,오룡,Y,36.328582,127.405046
988,201903,RS_ACC1_S-5-0109,용문,Y,36.338252,127.393317
989,201903,RS_ACC1_S-5-0110,탄방,Y,36.34544,127.384603
990,201903,RS_ACC1_S-5-0111,시청,Y,36.351673,127.386739
991,201903,RS_ACC1_S-5-0112,정부청사,Y,36.357661,127.381047
992,201903,RS_ACC1_S-5-0113,갈마,Y,36.357522,127.372632
993,201903,RS_ACC1_S-5-0114,월평,Y,36.358272,127.364382
994,201903,RS_ACC1_S-5-0115,갑천,Y,36.354578,127.354467
995,201903,RS_ACC1_S-5-0116,유성온천,Y,36.353689,127.341524
996,201903,RS_ACC1_S-5-0117,구암,Y,36.356605,127.33083
997,201903,RS_ACC1_S-5-0118,현충원,Y,36.359021,127.321525
998,201903,RS_ACC1_S-5-0119,월드컵경기장,Y,36.366825,127.317859
999,201903,RS_ACC1_S-5-0120,노은,Y,36.37415,127.317835
1000,201903,RS_ACC1_S-5-0121,지족,Y,36.384106,127.319501
1001,201903,RS_ACC1_S-5-0122,반석,Y,36.392128,127.314581
1002,202003,RS_ACC1_S-1-2649,신내,N,37.612502,127.104224
1003,202003,RS_ACC1_S-1-4206,마곡나루,Y,37.56563,126.8275
1004,202003,RS_ACC1_S-1-4210,청라국제도시,Y,37.55588,126.62533
1005,202003,RS_ACC1_S-1-4215,인천공항2터미널,Y,37.46871,126.43372
1006,202003,RS_ACC1_S-1-4217,영종,Y,37.51147,126.5237
1007,202003,RS_ACC1_S-3-0115,설화명곡,Y,35.79872,128.48936
1008,202003,RS_ACC1_S-3-0116,화원,Y,35.80442,128.50064
1009,202003,RS_ACC1_S-3-0119,월배,Y,35.81615,128.5304
1010,202003,RS_ACC1_S-3-0121,월촌,Y,35.82374,128.54552
1011,202003,RS_ACC1_S-3-0122,송현,Y,35.83107,128.55177
1012,202003,RS_ACC1_S-3-0123,성당못,Y,35.83712,128.55716
1013,202003,RS_ACC1_S-3-0124,대명,Y,35.8393,128.5654
1014,202003,RS_ACC1_S-3-0126,현충로,Y,35.84064,128.58092
1015,202003,RS_ACC1_S-3-0127,영대병원,Y,35.84438,128.5886
1016,202003,RS_ACC1_S-3-0134,신천,Y,35.87462,128.61761
1017,202003,RS_ACC1_S-3-0135,동대구,Y,35.87714,128.62834
1018,202003,RS_ACC1_S-3-0136,큰고개,Y,35.88433,128.63219
1019,202003,RS_ACC1_S-3-0137,아양교,Y,35.88719,128.63994
1020,202003,RS_ACC1_S-3-0139,해안,Y,35.88358,128.65933
1021,202003,RS_ACC1_S-3-0140,방촌,Y,35.87966,128.67001
1022,202003,RS_ACC1_S-3-0141,용계,Y,35.87612,128.68199
1023,202003,RS_ACC1_S-3-0142,율하,Y,35.8698,128.6927
1024,202003,RS_ACC1_S-3-0143,신기,Y,35.86659,128.70247
1025,202003,RS_ACC1_S-3-0144,반야월,Y,35.86604,128.71352
1026,202003,RS_ACC1_S-3-0146,안심,Y,35.87121,128.73366
1027,202003,RS_ACC1_S-3-0216,문양,Y,35.86398,128.43726
1028,202003,RS_ACC1_S-3-0217,다사,Y,35.86495,128.45828
1029,202003,RS_ACC1_S-3-0218,대실,Y,35.85733,128.46559
1030,202003,RS_ACC1_S-3-0219,강창,Y,35.85307,128.47853
1031,202003,RS_ACC1_S-3-0220,계명대,Y,35.85149,128.49202
1032,202003,RS_ACC1_S-3-0223,용산,Y,35.84901,128.52872
1033,202003,RS_ACC1_S-3-0224,죽전,Y,35.85071,128.5388
1034,202003,RS_ACC1_S-3-0225,감삼,Y,35.85428,128.5481
1035,202003,RS_ACC1_S-3-0228,반고개,Y,35.86224,128.57272
1036,202003,RS_ACC1_S-3-0231,경대병원,Y,35.8632,128.6027
1037,202003,RS_ACC1_S-3-0236,담티,Y,35.8548,128.65396
1038,202003,RS_ACC1_S-3-0237,연호,Y,35.84655,128.6717
1039,202003,RS_ACC1_S-3-0238,대공원,Y,35.84261,128.67986
1040,202003,RS_ACC1_S-3-0239,고산,Y,35.84292,128.69327
1041,202003,RS_ACC1_S-3-0241,사월,Y,35.83695,128.71544
1042,202003,RS_ACC1_S-3-0242,정평,Y,35.83405,128.72855
1043,202003,RS_ACC1_S-3-0243,임당,Y,35.83406,128.74103
1044,202003,RS_ACC1_S-3-0244,영남대,Y,35.83635,128.75313
1045,202003,RS_ACC1_S-3-0312,칠곡경대병원,Y,35.95828,128.55989
1046,202003,RS_ACC1_S-3-0313,학정,Y,35.95156,128.5592
1047,202003,RS_ACC1_S-3-0314,팔거,Y,35.94404,128.55833
1048,202003,RS_ACC1_S-3-0315,동천,Y,35.93743,128.55653
1049,202003,RS_ACC1_S-3-0316,칠곡운암,Y,35.93169,128.55467
1050,202003,RS_ACC1_S-3-0318,태전,Y,35.91926,128.5474
1051,202003,RS_ACC1_S-3-0320,매천시장,Y,35.90398,128.54561
1052,202003,RS_ACC1_S-3-0324,팔달시장,Y,35.88885,128.56789
1053,202003,RS_ACC1_S-3-0325,원대,Y,35.88784,128.57436
1054,202003,RS_ACC1_S-3-0326,북구청,Y,35.88382,128.58145
1055,202003,RS_ACC1_S-3-0327,달성공원,Y,35.87568,128.58209
1056,202003,RS_ACC1_S-3-0329,신남,Y,35.8642,128.58238
1057,202003,RS_ACC1_S-3-0330,남산,Y,35.85669,128.58345
1058,202003,RS_ACC1_S-3-0334,수성시장,Y,35.85429,128.61626
1059,202003,RS_ACC1_S-3-0335,수성구민운동장,Y,35.85238,128.62521
1060,202003,RS_ACC1_S-3-0336,어린이회관,Y,35.84517,128.62447
1061,202003,RS_ACC1_S-3-0337,황금,Y,35.83963,128.62413
1062,202003,RS_ACC1_S-3-0338,수성못,Y,35.83173,128.62323
1063,202003,RS_ACC1_S-3-0339,지산,Y,35.82515,128.63194
1064,202003,RS_ACC1_S-3-0341,용지,Y,35.81825,128.6467
1065,202103,RS_ACC1_S-1-1285,운천,N,37.879741,126.769792
1066,202103,RS_ACC1_S-1-1286,임진강,Y,37.888274,126.746928
1067,202103,RS_ACC1_S-1-1873,고색,Y,37.249679,126.980364
1068,202103,RS_ACC1_S-1-1874,오목천,Y,37.243412,126.963976
1069,202103,RS_ACC1_S-1-1875,어천,Y,37.250098,126.908814
1070,202103,RS_ACC1_S-1-1876,야목,Y,37.261298,126.88396
1071,202103,RS_ACC1_S-1-1877,사리,Y,37.290889,126.857139
1072,202103,RS_ACC1_S-1-2562,강일,Y,37.557416,127.17574
1073,202103,RS_ACC1_S-1-2563,미사,Y,37.563053,127.192935
1074,202103,RS_ACC1_S-1-2564,하남풍산,Y,37.55215,127.203927
1075,202103,RS_ACC1_S-1-2565,하남시청,Y,37.541913,127.206404
1076,202103,RS_ACC1_S-1-2566,하남검단산,Y,37.539746,127.223271
1077,202103,RS_ACC1_S-1-3139,송도달빛축제공원,Y,37.406767,126.626094
1078,202103,RS_ACC1_S-2-8015,부산원동,Y,35.193697,129.114202
